instance,numnom_ms,scip_ms,speedup
10teams.mps.gz,1.4,,
22433.mps.gz,0.7,,
23588.mps.gz,0.6,,
2club200v15p5scn.mps.gz,9.5,,
30_70_45_05_100.mps.gz,7.1,,
30_70_45_095_100.mps.gz,6.9,,
30_70_45_095_98.mps.gz,6.8,,
30n20b8.mps.gz,13.6,112.7,8.3
50v-10.mps.gz,1.0,24.3,24.3
8div-n59k10.mps.gz,38.9,,
8div-n59k11.mps.gz,147.5,,
8div-n59k12.mps.gz,574.3,,
a1c1s1.mps.gz,1.7,,
a2864-99blp.mps.gz,1.24,,
a2c1s1.mps.gz,2.4,,
ab51-40-100.mps.gz,8.7,,
ab67-40-100.mps.gz,9.1,,
ab69-40-100.mps.gz,8.9,,
ab71-20-100.mps.gz,5.2,,
ab72-40-100.mps.gz,8.7,,
academictimetablebig.mps.gz,244.3,,
academictimetablesmall.mps.gz,34.8,98.2,2.8
acc-tight2.mps.gz,1.9,,
acc-tight4.mps.gz,2.1,,
acc-tight5.mps.gz,2.1,,
adult-max5features.mps.gz,52.2,,
adult-regularized.mps.gz,52.0,,
aflow30a.mps.gz,0.6,,
aflow40b.mps.gz,1.3,,
air03.mps.gz,6.8,,
air04.mps.gz,6.2,,
air05.mps.gz,4.7,32.8,7.0
aligninq.mps.gz,1.6,,
allcolor10.mps.gz,13.6,,
allcolor58.mps.gz,90.5,,
amaze22012-03-15i.mps.gz,23.6,,
amaze22012-06-28i.mps.gz,3.8,,
amaze22012-07-04i.mps.gz,7.9,,
app1-1.mps.gz,2.7,28.4,10.5
app1-2.mps.gz,26.2,89.4,3.4
app2-1.mps.gz,1.9,,
app2-2.mps.gz,0.7,,
app3.mps.gz,2.1,,
arki001.mps.gz,2.4,,
assign1-10-4.mps.gz,2.3,,
assign1-5-8.mps.gz,0.5,24.0,48.0
atlanta-ip.mps.gz,27.8,89.0,3.2
atm20-100.mps.gz,5.7,,
australia-abs-cta.mps.gz,12.3,,
b-ball.mps.gz,0.3,,
b1c1s1.mps.gz,1.6,27.3,17.1
b2c1s1.mps.gz,1.8,,
bab1.mps.gz,91.8,,
bab2.mps.gz,186.9,435.2,2.3
bab3.mps.gz,331.0,,
bab5.mps.gz,16.2,,
bab6.mps.gz,125.6,307.8,2.5
bc.mps.gz,24.5,,
bc1.mps.gz,23.4,,
beasleyC1.mps.gz,1.1,,
beasleyC2.mps.gz,1.0,,
beasleyC3.mps.gz,1.0,27.6,27.6
beavma.mps.gz,0.4,,
berlin_5_8_0.mps.gz,0.9,,
berlin.mps.gz,1.5,,
bg512142.mps.gz,0.7,,
bharat.mps.gz,861.2,,
biella1.mps.gz,7.7,,
bienst1.mps.gz,0.6,,
bienst2.mps.gz,0.6,,
binkar10_1.mps.gz,0.9,25.9,28.8
blend2.mps.gz,0.4,,
bley_xl1.mps.gz,114.5,,
bley_xs1.mps.gz,3.3,,
bley_xs1noM.mps.gz,3.4,,
bley_xs2.mps.gz,2.7,,
blp-ar98.mps.gz,22.4,69.1,3.1
blp-ic97.mps.gz,14.1,,
blp-ic98.mps.gz,20.9,64.9,3.1
blp-ir98.mps.gz,8.7,,
bmocbd.mps.gz,169.9,,
bmocbd2.mps.gz,166.1,,
bmocbd3.mps.gz,179.2,,
bmoipr2.mps.gz,7.3,,
bnatt400.mps.gz,3.2,31.8,9.9
bnatt500.mps.gz,4.0,33.2,8.3
bppc4-08.mps.gz,2.5,28.3,11.3
bppc6-02.mps.gz,14.6,,
bppc6-06.mps.gz,13.9,,
bppc8-02.mps.gz,0.6,,
bppc8-09.mps.gz,0.9,,
brasil.mps.gz,2.1,,
brazil3.mps.gz,15.7,73.4,4.7
breastcancer-regularized.mps.gz,1.5,,
bts4-cta.mps.gz,48.1,,
buildingenergy.mps.gz,136.3,404.0,3.0
cap6000.mps.gz,5.4,,
cbs-cta.mps.gz,10.8,52.4,4.9
cdc7-4-3-2.mps.gz,27.9,,
cdma.mps.gz,17.1,,
chromaticindex1024-7.mps.gz,51.1,191.6,3.7
chromaticindex128-5.mps.gz,5.9,,
chromaticindex256-8.mps.gz,11.3,,
chromaticindex32-8.mps.gz,1.7,,
chromaticindex512-7.mps.gz,23.4,93.4,4.0
ci-s4.mps.gz,15.2,,
circ10-3.mps.gz,29.3,,
cmflsp40-24-10-7.mps.gz,16.1,,
cmflsp40-36-2-10.mps.gz,41.2,,
cmflsp50-24-10-4.mps.gz,20.0,,
cmflsp50-24-8-8.mps.gz,19.9,61.7,3.1
cmflsp60-36-2-6.mps.gz,61.1,,
CMS750_4.mps.gz,7.5,43.1,5.7
co-100.mps.gz,165.7,330.1,2.0
cod105.mps.gz,5.1,34.2,6.7
comp07-2idx.mps.gz,12.2,64.3,5.3
comp08-2idx.mps.gz,7.6,,
comp12-2idx.mps.gz,11.0,,
comp16-3idx.mps.gz,36.6,,
comp21-2idx.mps.gz,8.2,50.9,6.2
control20-5-10-5.mps.gz,2.8,,
control30-3-2-3.mps.gz,0.5,,
control30-5-10-4.mps.gz,4.0,,
core2536-691.mps.gz,17.7,,
core2586-950.mps.gz,11.0,,
core4284-1064.mps.gz,23.5,,
core4872-1529.mps.gz,22.2,,
cost266-UUE.mps.gz,2.8,30.3,10.8
cryptanalysiskb128n5obj14.mps.gz,43.5,151.7,3.5
cryptanalysiskb128n5obj16.mps.gz,42.6,153.9,3.6
csched007.mps.gz,1.1,26.3,23.9
csched008.mps.gz,0.9,25.6,28.4
csched010.mps.gz,1.1,,
cvrpa-n64k9vrpi.mps.gz,107.4,,
cvrpb-n45k5vrpi.mps.gz,48.4,,
cvrpp-n16k8vrpi.mps.gz,6.0,,
cvrpsimple2i.mps.gz,2.1,,
cvs08r139-94.mps.gz,1.4,,
cvs16r106-72.mps.gz,1.9,,
cvs16r128-89.mps.gz,2.3,28.8,12.5
cvs16r70-62.mps.gz,1.6,,
cvs16r89-60.mps.gz,1.4,,
d20200.mps.gz,12.3,,
dale-cta.mps.gz,17.9,,
dano3_3.mps.gz,6.1,39.3,6.4
dano3_5.mps.gz,5.8,41.3,7.1
dano3mip.mps.gz,6.0,,
danoint.mps.gz,0.5,,
datt256.mps.gz,184.2,,
dc1c.mps.gz,11.5,,
dc1l.mps.gz,41.3,,
dcmulti.mps.gz,0.5,,
decomp1.mps.gz,6.9,,
decomp2.mps.gz,9.4,48.4,5.1
dell.mps.gz,0.8,,
dfn-bwin-DBE.mps.gz,2.5,,
dg012142.mps.gz,2.1,,
diameterc-mstc-v20a190d5i.mps.gz,7.3,,
diameterc-msts-v40a100d5i.mps.gz,6.4,,
disctom.mps.gz,3.1,,
dlr1.mps.gz,2.38,,
dlr2.mps.gz,12.93,,
dolom1.mps.gz,17.0,,
drayage-100-12.mps.gz,6.0,,
drayage-100-23.mps.gz,5.9,40.0,6.8
drayage-25-23.mps.gz,5.8,38.9,6.7
drayage-25-27.mps.gz,5.8,,
drayage-25-32.mps.gz,5.9,,
ds-big.mps.gz,305.8,,
ds.mps.gz,58.4,,
dsbmip.mps.gz,1.8,,
dws008-01.mps.gz,7.0,42.8,6.1
dws008-03.mps.gz,20.1,,
dws012-01.mps.gz,16.0,,
dws012-02.mps.gz,30.7,,
dws012-03.mps.gz,47.3,,
eil33-2.mps.gz,3.4,32.3,9.5
eilA101-2.mps.gz,59.4,149.5,2.5
eilC76-2.mps.gz,20.7,,
ej.mps.gz,0.2,,
elitserienhandball11i.mps.gz,14.8,,
elitserienhandball13i.mps.gz,15.1,,
elitserienhandball14i.mps.gz,14.9,,
elitserienhandball3i.mps.gz,15.0,,
enlight_hard.mps.gz,0.5,25.0,50.0
enlight11.mps.gz,0.4,,
enlight4.mps.gz,0.3,,
enlight8.mps.gz,0.4,,
enlight9.mps.gz,0.3,,
eva1aprime5x5opt.mps.gz,7.1,,
eva1aprime6x6opt.mps.gz,20.5,,
ex10.mps.gz,99.5,403.9,4.1
ex1010-pi.mps.gz,12.0,,
ex9.mps.gz,44.9,172.7,3.8
exp-1-500-5-5.mps.gz,0.6,25.8,43.0
f2000.mps.gz,4.8,,
f2gap201600.mps.gz,0.9,,
f2gap401600.mps.gz,0.9,,
f2gap40400.mps.gz,0.4,,
f2gap801600.mps.gz,0.9,,
fast0507.mps.gz,31.8,102.6,3.2
fastxgemm-n2r6s0t2.mps.gz,3.2,31.4,9.8
fastxgemm-n2r7s4t1.mps.gz,3.7,,
fastxgemm-n3r21s3t6.mps.gz,121.8,,
fastxgemm-n3r22s4t6.mps.gz,150.4,,
fastxgemm-n3r23s5t6.mps.gz,173.6,,
fhnw-binpack4-18.mps.gz,1.1,,
fhnw-binpack4-4.mps.gz,0.5,25.4,50.8
fhnw-binpack4-48.mps.gz,2.6,29.5,11.3
fhnw-binpack4-58.mps.gz,4.5,,
fhnw-binpack4-77.mps.gz,2.8,,
fhnw-binschedule0.mps.gz,135.4,,
fhnw-binschedule1.mps.gz,1.25,,
fhnw-binschedule2.mps.gz,11.4,,
fhnw-schedule-paira100.mps.gz,4.4,,
fhnw-schedule-paira200.mps.gz,16.4,,
fhnw-schedule-paira400.mps.gz,70.9,,
fhnw-schedule-pairb200.mps.gz,36.8,,
fhnw-schedule-pairb400.mps.gz,200.3,,
fhnw-sq2.mps.gz,1.0,,
fhnw-sq3.mps.gz,1.1,,
fiball.mps.gz,9.8,52.9,5.4
fiber.mps.gz,0.7,,
fillomino7x7-0i.mps.gz,5.4,,
fjspeasy01i.mps.gz,9.0,,
flugpl.mps.gz,0.3,,
flugplinf.mps.gz,0.3,,
g200x740.mps.gz,0.7,,
g503inf.mps.gz,0.1,,
gasprod1-1.mps.gz,14.5,,
gasprod1-2.mps.gz,14.3,,
gasprod1-3.mps.gz,14.3,,
gasprod2-1.mps.gz,27.3,,
gasprod2-2.mps.gz,26.2,,
gen-ip002.mps.gz,0.4,23.8,59.5
gen-ip016.mps.gz,0.4,,
gen-ip021.mps.gz,0.4,,
gen-ip036.mps.gz,0.4,,
gen-ip054.mps.gz,0.3,23.3,77.7
gen.mps.gz,0.5,,
genus-g31-8.mps.gz,39.0,,
genus-g61-25.mps.gz,49.3,,
genus-sym-g31-8.mps.gz,39.9,,
genus-sym-g62-2.mps.gz,40.0,,
genus-sym-grafo5708-48.mps.gz,10.0,,
ger50_17_trans.mps.gz,17.5,,
ger50-17-ptp-pop-3t.mps.gz,2.0,,
ger50-17-ptp-pop-6t.mps.gz,1.9,,
ger50-17-trans-dfn-3t.mps.gz,17.6,,
ger50-17-trans-pop-3t.mps.gz,17.5,,
germanrr.mps.gz,15.9,61.8,3.9
germany50-UUM.mps.gz,4.2,,
gfd-schedulen180f7d50m30k18-16i.mps.gz,2.46,,
gfd-schedulen180f7d50m30k18.mps.gz,221.6,727.0,3.3
gfd-schedulen25f5d20m10k3i.mps.gz,16.7,,
gfd-schedulen55f2d50m30k3i.mps.gz,46.3,,
ghoulomb4-9-10i.mps.gz,21.5,,
glass-sc.mps.gz,5.8,37.9,6.5
glass4.mps.gz,0.5,24.2,48.4
gmu-35-40.mps.gz,1.1,25.9,23.5
gmu-35-50.mps.gz,1.6,26.6,16.6
gmut-75-50.mps.gz,59.7,,
gmut-76-40.mps.gz,18.1,,
gmut-76-50.mps.gz,52.5,,
gr4x6.mps.gz,0.3,,
graph20-20-1rand.mps.gz,3.4,32.4,9.5
graph20-80-1rand.mps.gz,30.9,,
graph40-20-1rand.mps.gz,66.6,,
graph40-40-1rand.mps.gz,265.3,,
graph40-80-1rand.mps.gz,995.2,,
graphdraw-domain.mps.gz,1.3,25.2,19.4
graphdraw-gemcutter.mps.gz,0.5,,
graphdraw-grafo2.mps.gz,87.6,,
graphdraw-mainerd.mps.gz,11.9,,
graphdraw-opmanager.mps.gz,44.5,,
gsvm2rl11.mps.gz,24.5,,
gsvm2rl12.mps.gz,24.3,,
gsvm2rl3.mps.gz,0.9,,
gsvm2rl5.mps.gz,1.6,,
gsvm2rl9.mps.gz,4.6,,
gt2.mps.gz,0.3,,
gus-sch.mps.gz,3.9,,
h50x2450.mps.gz,2.2,,
h80x6320.mps.gz,2.5,,
h80x6320d.mps.gz,3.8,35.6,9.4
hanoi5.mps.gz,5.8,,
haprp.mps.gz,1.0,,
hawaiiv10-130.mps.gz,23.14,,
hgms-det.mps.gz,4.3,,
hgms30.mps.gz,141.7,,
hgms62.mps.gz,359.9,,
highschool1-aigio.mps.gz,204.9,676.7,3.3
hypothyroid-k1.mps.gz,26.7,91.7,3.4
ic97_potential.mps.gz,0.7,26.4,37.7
ic97_tension.mps.gz,0.6,,
icir97_potential.mps.gz,1.8,,
icir97_tension.mps.gz,2.5,29.7,11.9
iis-glass-cov.mps.gz,5.0,,
iis-hc-cov.mps.gz,11.7,,
in.mps.gz,1.54,,
irish-electricity.mps.gz,55.3,217.5,3.9
irp.mps.gz,9.1,49.4,5.4
istanbul-no-cutoff.mps.gz,11.1,52.7,4.7
ivu06-big.mps.gz,1.67,,
ivu06.mps.gz,572.1,,
ivu52.mps.gz,173.4,,
ivu59.mps.gz,2.53,,
k16x240b.mps.gz,1.0,,
k1mushroom.mps.gz,102.4,287.3,2.8
k1mushroomi.mps.gz,139.6,,
khb05250.mps.gz,0.5,,
kosova1.mps.gz,523.2,,
kottenpark09.mps.gz,2.16,,
l2p12.mps.gz,9.0,,
l2p1i.mps.gz,104.6,,
l2p2i.mps.gz,17.9,,
lectsched-1.mps.gz,28.1,,
lectsched-2.mps.gz,16.5,,
lectsched-3.mps.gz,25.1,,
lectsched-4-obj.mps.gz,7.6,,
lectsched-5-obj.mps.gz,21.9,89.0,4.1
leo1.mps.gz,9.2,48.3,5.2
leo2.mps.gz,16.4,63.0,3.8
liu.mps.gz,1.6,,
loopha13.mps.gz,7.6,,
lotsize.mps.gz,1.2,26.6,22.2
lr1dr02vc05v8a-t360.mps.gz,9.9,,
lr1dr04vc05v17a-t360.mps.gz,18.2,,
lr1dr12vc10v70b-t360.mps.gz,107.5,,
lr2-22dr3-333vc4v17a-t60.mps.gz,77.5,,
lrn.mps.gz,5.8,,
mad.mps.gz,0.6,24.5,40.8
manna81.mps.gz,2.4,,
map06.mps.gz,127.5,,
map10.mps.gz,128.2,423.9,3.3
map14860-20.mps.gz,124.9,,
map16715-04.mps.gz,125.7,424.3,3.4
map18.mps.gz,123.5,,
mappingmesh3x3mpeg2i.mps.gz,6.2,,
mario-t-hard5i.mps.gz,44.7,,
maritime-jg3d9.mps.gz,55.5,,
markshare_4_0.mps.gz,0.3,24.1,80.3
markshare_5_0.mps.gz,0.3,,
markshare1.mps.gz,0.2,,
markshare2.mps.gz,0.2,23.6,118.0
mas74.mps.gz,0.4,23.6,59.0
mas76.mps.gz,0.4,24.1,60.2
maxgasflow.mps.gz,3.5,,
mc11.mps.gz,1.1,27.0,24.5
mc7.mps.gz,1.1,,
mc8.mps.gz,1.1,,
mcsched.mps.gz,1.4,27.1,19.4
mik-250-20-75-1.mps.gz,1.1,,
mik-250-20-75-2.mps.gz,1.1,,
mik-250-20-75-3.mps.gz,1.1,,
mik-250-20-75-4.mps.gz,1.1,25.0,22.7
mik-250-20-75-5.mps.gz,1.0,,
milo-v12-6-r1-58-1.mps.gz,3.3,,
milo-v12-6-r1-75-1.mps.gz,4.3,,
milo-v12-6-r2-40-1.mps.gz,2.5,30.6,12.2
milo-v13-4-3d-3-0.mps.gz,0.6,,
milo-v13-4-3d-4-0.mps.gz,0.8,,
mine-166-5.mps.gz,2.9,,
mine-90-10.mps.gz,2.4,,
mining.mps.gz,565.0,,
minutedispatchstrategy.mps.gz,35.4,,
misc04inf.mps.gz,2.0,,
misc05inf.mps.gz,0.5,,
misc07.mps.gz,0.8,,
mitre.mps.gz,4.3,,
mkc.mps.gz,2.4,,
mkc1.mps.gz,2.1,,
mod008inf.mps.gz,0.4,,
mod010.mps.gz,1.5,,
mod011.mps.gz,2.8,,
moj-mining.mps.gz,143.0,,
momentum1.mps.gz,13.4,59.8,4.5
momentum2.mps.gz,26.0,,
momentum3.mps.gz,77.3,,
mrcpspj30-15-5i.mps.gz,9.6,,
mrcpspj30-17-10i.mps.gz,10.4,,
mrcpspj30-53-3i.mps.gz,9.0,,
msc98-ip.mps.gz,10.1,,
mspsphard01i.mps.gz,11.1,,
mspsphard03i.mps.gz,20.5,,
mtest4ma.mps.gz,1.1,,
mushroom-best.mps.gz,19.4,63.9,3.3
mzzv11.mps.gz,9.1,47.4,5.2
mzzv42z.mps.gz,10.2,49.4,4.8
n13-3.mps.gz,1.7,,
n2seq36f.mps.gz,8.6,,
n2seq36q.mps.gz,24.3,70.9,2.9
n3700.mps.gz,3.1,,
n3705.mps.gz,2.7,,
n3707.mps.gz,2.9,,
n3709.mps.gz,3.1,,
n370b.mps.gz,2.9,,
n3div36.mps.gz,43.0,104.7,2.4
n3seq24.mps.gz,361.9,,
n5-3.mps.gz,1.9,27.6,14.5
n6-3.mps.gz,2.8,,
n7-3.mps.gz,2.3,,
n9-3.mps.gz,2.9,,
nag.mps.gz,3.2,,
nb10tb.mps.gz,141.7,,
neos-1061020.mps.gz,9.4,,
neos-1067731.mps.gz,3.9,,
neos-1112782.mps.gz,1.6,,
neos-1112787.mps.gz,1.3,,
neos-1122047.mps.gz,22.1,88.0,4.0
neos-1140050.mps.gz,71.0,,
neos-1171448.mps.gz,10.0,54.0,5.4
neos-1171737.mps.gz,4.2,35.3,8.4
neos-1223462.mps.gz,4.6,,
neos-1324574.mps.gz,2.1,,
neos-1330346.mps.gz,1.8,,
neos-1337307.mps.gz,3.1,,
neos-1354092.mps.gz,11.9,54.2,4.6
neos-1367061.mps.gz,28.9,,
neos-1396125.mps.gz,0.9,,
neos-1420546.mps.gz,7.9,,
neos-1420790.mps.gz,1.8,,
neos-1423785.mps.gz,8.3,,
neos-1425699.mps.gz,0.4,,
neos-1430701.mps.gz,0.5,,
neos-1442119.mps.gz,1.0,,
neos-1445532.mps.gz,3.3,,
neos-1445738.mps.gz,4.4,,
neos-1445743.mps.gz,4.6,,
neos-1445765.mps.gz,4.3,42.0,9.8
neos-1456979.mps.gz,3.8,34.7,9.1
neos-1516309.mps.gz,2.8,,
neos-1582420.mps.gz,3.7,36.2,9.8
neos-1593097.mps.gz,8.3,,
neos-1599274.mps.gz,3.6,,
neos-1601936.mps.gz,5.1,,
neos-1603965.mps.gz,9.6,,
neos-1605061.mps.gz,6.2,,
neos-2075418-temuka.mps.gz,520.9,1435.2,2.8
neos-2294525-abba.mps.gz,8.9,,
neos-2328163-agri.mps.gz,1.6,,
neos-2624317-amur.mps.gz,0.5,,
neos-2626858-aoos.mps.gz,0.5,,
neos-2629914-sudost.mps.gz,18.9,,
neos-2652786-brda.mps.gz,0.5,,
neos-2656603-coxs.mps.gz,0.3,,
neos-2657525-crna.mps.gz,0.5,25.4,50.8
neos-2669500-cust.mps.gz,68.9,,
neos-2746589-doon.mps.gz,28.1,107.4,3.8
neos-2974461-ibar.mps.gz,210.9,,
neos-2978193-inde.mps.gz,5.5,41.1,7.5
neos-2978205-isar.mps.gz,26.9,,
neos-2987202-jeir.mps.gz,163.9,,
neos-2987310-joes.mps.gz,41.9,141.1,3.4
neos-2991472-kalu.mps.gz,707.6,,
neos-3004026-krka.mps.gz,6.2,43.9,7.1
neos-3009394-lami.mps.gz,1.1,,
neos-3024952-loue.mps.gz,2.3,29.4,12.8
neos-3025225-shelon.mps.gz,556.5,,
neos-3045796-mogo.mps.gz,3.7,,
neos-3046601-motu.mps.gz,0.6,,
neos-3046615-murg.mps.gz,0.5,23.3,46.6
neos-3048764-nadi.mps.gz,2.5,,
neos-3065804-namu.mps.gz,34.5,,
neos-3068746-nene.mps.gz,3.0,,
neos-3072252-nete.mps.gz,0.3,,
neos-3075395-nile.mps.gz,10.2,,
neos-3083784-nive.mps.gz,1.8,,
neos-3083819-nubu.mps.gz,2.9,33.7,11.6
neos-3116779-oban.mps.gz,1.7,,
neos-3118745-obra.mps.gz,0.6,,
neos-3135526-osun.mps.gz,1.9,,
neos-3148108-pahi.mps.gz,41.5,,
neos-3208254-reiu.mps.gz,8.64,,
neos-3209462-rhin.mps.gz,51.5,,
neos-3209519-ruhr.mps.gz,7.5,,
neos-3211096-shag.mps.gz,3.9,,
neos-3214367-sovi.mps.gz,6.9,,
neos-3216931-puriri.mps.gz,6.6,42.3,6.4
neos-3218348-suir.mps.gz,14.2,,
neos-3226448-wkra.mps.gz,3.6,,
neos-3229051-yass.mps.gz,23.28,,
neos-3230376-yser.mps.gz,416.8,,
neos-3230511-yuna.mps.gz,23.92,,
neos-3230516-zala.mps.gz,750.0,,
neos-3237086-abava.mps.gz,25.7,,
neos-3283608-agout.mps.gz,33.6,,
neos-3322547-alsek.mps.gz,263.9,,
neos-3352863-ancoa.mps.gz,45.9,,
neos-3354841-apure.mps.gz,273.6,,
neos-3355120-tarago.mps.gz,43.7,,
neos-3355323-arnon.mps.gz,8.2,,
neos-3372571-onahau.mps.gz,12.4,,
neos-3373491-avoca.mps.gz,1.5,,
neos-3381206-awhea.mps.gz,0.8,25.5,31.9
neos-3402294-bobin.mps.gz,306.5,916.7,3.0
neos-3402454-bohle.mps.gz,2.39,5317.5,2224.9
neos-3421095-cinca.mps.gz,0.8,,
neos-3426085-ticino.mps.gz,1.3,,
neos-3426132-dieze.mps.gz,3.1,,
neos-3437289-erdre.mps.gz,10.2,,
neos-3530903-gauja.mps.gz,0.7,,
neos-3530905-gaula.mps.gz,0.7,,
neos-3555904-turama.mps.gz,85.5,238.4,2.8
neos-3572885-glina.mps.gz,20.4,,
neos-3581454-haast.mps.gz,8.8,,
neos-3592146-hawea.mps.gz,2.0,,
neos-3594536-henty.mps.gz,10.2,,
neos-3603137-hoteo.mps.gz,4.1,,
neos-3610040-iskar.mps.gz,0.4,,
neos-3610051-istra.mps.gz,0.6,,
neos-3610173-itata.mps.gz,0.6,,
neos-3611447-jijia.mps.gz,0.4,,
neos-3611689-kaihu.mps.gz,0.4,,
neos-3615091-sutlej.mps.gz,176.5,,
neos-3627168-kasai.mps.gz,1.4,26.2,18.7
neos-3631363-vilnia.mps.gz,13.9,,
neos-3634244-kauru.mps.gz,455.9,,
neos-3636886-kereu.mps.gz,7.4,,
neos-3654993-kolva.mps.gz,6.3,,
neos-3656078-kumeu.mps.gz,7.0,47.7,6.8
neos-3660371-kurow.mps.gz,1.9,,
neos-3661949-lesse.mps.gz,1.8,,
neos-3665875-lesum.mps.gz,1.6,,
neos-3672928-linge.mps.gz,29.7,,
neos-3682128-sandon.mps.gz,5.1,,
neos-3691541-lonja.mps.gz,4.8,,
neos-3695882-vesdre.mps.gz,65.8,,
neos-3696678-lyvia.mps.gz,4.8,,
neos-3699044-maipo.mps.gz,22.1,,
neos-3699377-maori.mps.gz,10.1,,
neos-3703351-marne.mps.gz,4.9,,
neos-3709489-menik.mps.gz,22.4,,
neos-3734794-moppy.mps.gz,2.7,,
neos-3740487-motru.mps.gz,5.54,,
neos-3754224-navua.mps.gz,83.2,,
neos-3754480-nidda.mps.gz,1.0,25.1,25.1
neos-3755335-nizao.mps.gz,51.3,,
neos-3759587-noosa.mps.gz,29.0,,
neos-3761878-oglio.mps.gz,3.6,,
neos-3762025-ognon.mps.gz,2.8,,
neos-3988577-wolgan.mps.gz,24.0,104.7,4.4
neos-4165869-wannon.mps.gz,27.6,,
neos-4230265-orari.mps.gz,21.5,,
neos-4232544-orira.mps.gz,59.4,,
neos-4260495-otere.mps.gz,101.5,,
neos-4264598-oueme.mps.gz,21.2,,
neos-4285819-pedja.mps.gz,1.12,,
neos-4290317-perth.mps.gz,36.5,,
neos-4292145-piako.mps.gz,20.9,,
neos-4295773-pissa.mps.gz,62.8,,
neos-4300652-rahue.mps.gz,20.7,104.7,5.1
neos-4306827-ravan.mps.gz,86.3,,
neos-4321076-ruwer.mps.gz,199.5,,
neos-4322846-ryton.mps.gz,44.8,,
neos-4332801-seret.mps.gz,22.55,,
neos-4332810-sesia.mps.gz,23.70,,
neos-4333464-siret.mps.gz,2.6,,
neos-4333596-skien.mps.gz,0.8,,
neos-4335793-snake.mps.gz,14.6,,
neos-4338804-snowy.mps.gz,1.1,26.8,24.4
neos-4343293-stony.mps.gz,5.2,,
neos-4355351-swalm.mps.gz,26.1,,
neos-4358725-tagus.mps.gz,7.1,,
neos-4359986-taipa.mps.gz,13.3,,
neos-4360552-sangro.mps.gz,23.8,,
neos-4382714-ruvuma.mps.gz,4.0,,
neos-4387871-tavua.mps.gz,2.6,31.1,12.0
neos-4391920-timok.mps.gz,63.7,,
neos-4393408-tinui.mps.gz,2.7,,
neos-4408804-prosna.mps.gz,28.9,,
neos-4409277-trave.mps.gz,13.6,,
neos-4413714-turia.mps.gz,67.5,236.9,3.5
neos-4477313-unzha.mps.gz,2.6,,
neos-4531126-vouga.mps.gz,89.4,,
neos-4532248-waihi.mps.gz,61.2,235.7,3.9
neos-4533806-waima.mps.gz,85.3,,
neos-4535459-waipa.mps.gz,20.73,,
neos-4545615-waita.mps.gz,843.5,,
neos-4555749-wards.mps.gz,88.6,,
neos-4562542-watut.mps.gz,150.0,,
neos-4647027-thurso.mps.gz,229.6,,
neos-4647030-tutaki.mps.gz,222.0,615.8,2.8
neos-4647032-veleka.mps.gz,259.7,,
neos-4650160-yukon.mps.gz,1.7,,
neos-4703857-ahuroa.mps.gz,116.5,,
neos-4722843-widden.mps.gz,37.1,159.7,4.3
neos-4724674-aorere.mps.gz,43.4,,
neos-4736745-arroux.mps.gz,2.3,,
neos-4738912-atrato.mps.gz,2.1,31.1,14.8
neos-4754521-awarau.mps.gz,152.1,,
neos-4760493-puerua.mps.gz,44.0,,
neos-4763324-toguru.mps.gz,41.8,163.5,3.9
neos-4797081-pakoka.mps.gz,30.5,,
neos-4805882-barwon.mps.gz,13.8,,
neos-480878.mps.gz,3.7,,
neos-4954274-beardy.mps.gz,11.9,,
neos-4954340-beaury.mps.gz,7.5,,
neos-4954357-bednja.mps.gz,4.2,,
neos-4954672-berkel.mps.gz,1.2,26.9,22.4
neos-4960896-besbre.mps.gz,8.2,,
neos-4966126-blavet.mps.gz,32.7,,
neos-4966258-blicks.mps.gz,109.4,,
neos-4971100-bodrog.mps.gz,8.2,,
neos-4972437-bojana.mps.gz,194.9,,
neos-4972461-bolong.mps.gz,158.9,,
neos-4976951-bunnoo.mps.gz,182.5,,
neos-4984115-canche.mps.gz,191.7,,
neos-498623.mps.gz,9.9,,
neos-5013590-toitoi.mps.gz,21.0,,
neos-5018451-chiese.mps.gz,179.9,,
neos-503737.mps.gz,1.8,,
neos-5041756-cobark.mps.gz,19.2,,
neos-5041822-cockle.mps.gz,239.3,,
neos-5044663-wairoa.mps.gz,42.0,,
neos-5045105-creuse.mps.gz,2.2,,
neos-5049753-cuanza.mps.gz,210.3,586.1,2.8
neos-5051588-culgoa.mps.gz,2.9,,
neos-5052403-cygnet.mps.gz,280.3,804.3,2.9
neos-5075914-elvire.mps.gz,1.9,,
neos-5076235-embley.mps.gz,69.9,,
neos-5078479-escaut.mps.gz,2.2,,
neos-5079731-flyers.mps.gz,69.7,,
neos-5081619-ganges.mps.gz,59.5,,
neos-5083528-gimone.mps.gz,28.3,,
neos-5093327-huahum.mps.gz,49.5,181.1,3.7
neos-5100895-inster.mps.gz,45.9,,
neos-5102383-irwell.mps.gz,78.3,,
neos-5104907-jarama.mps.gz,236.5,841.6,3.6
neos-5106984-jizera.mps.gz,341.6,,
neos-5107597-kakapo.mps.gz,2.9,29.5,10.2
neos-5108386-kalang.mps.gz,551.0,,
neos-5114902-kasavu.mps.gz,593.0,1867.0,3.1
neos-5115478-kaveri.mps.gz,5.2,,
neos-5116085-kenana.mps.gz,368.5,,
neos-5118834-korana.mps.gz,327.8,,
neos-5118851-kowhai.mps.gz,469.6,,
neos-5123665-limmat.mps.gz,535.4,,
neos-5125849-lopori.mps.gz,2.8,,
neos-5129192-manaia.mps.gz,245.8,,
neos-5138690-middle.mps.gz,392.0,,
neos-5140963-mincio.mps.gz,2.0,,
neos-5149806-wieprz.mps.gz,52.3,,
neos-5151569-mologa.mps.gz,41.2,,
neos-5157194-moruya.mps.gz,583.5,,
neos-5178119-nalagi.mps.gz,6.5,,
neos-5182409-nasivi.mps.gz,1.8,,
neos-5188808-nattai.mps.gz,11.8,59.4,5.0
neos-5189128-totara.mps.gz,103.7,,
neos-5192052-neckar.mps.gz,0.9,,
neos-5193246-nerang.mps.gz,16.1,,
neos-5195221-niemur.mps.gz,15.8,71.8,4.5
neos-5196530-nuhaka.mps.gz,15.9,,
neos-520729.mps.gz,24.4,,
neos-5221106-oparau.mps.gz,18.0,,
neos-5223573-tarwin.mps.gz,279.9,,
neos-5251015-ogosta.mps.gz,247.4,,
neos-525149.mps.gz,108.8,,
neos-5260764-orauea.mps.gz,9.6,,
neos-5261882-treska.mps.gz,2.2,,
neos-5266653-tugela.mps.gz,16.9,,
neos-5273874-yomtsa.mps.gz,281.2,,
neos-555001.mps.gz,2.8,,
neos-555343.mps.gz,1.9,,
neos-555424.mps.gz,1.6,,
neos-555884.mps.gz,2.1,,
neos-565672.mps.gz,106.6,,
neos-574665.mps.gz,1.9,,
neos-578379.mps.gz,9.2,,
neos-585192.mps.gz,5.5,,
neos-585467.mps.gz,3.8,,
neos-595904.mps.gz,2.4,,
neos-619167.mps.gz,2.1,,
neos-631517.mps.gz,0.6,,
neos-631710.mps.gz,76.8,320.1,4.2
neos-633273.mps.gz,8.1,,
neos-662469.mps.gz,12.7,57.2,4.5
neos-686190.mps.gz,2.4,,
neos-691058.mps.gz,2.5,,
neos-738098.mps.gz,9.3,,
neos-780889.mps.gz,57.3,,
neos-787933.mps.gz,36.4,175.9,4.8
neos-799711.mps.gz,20.2,,
neos-799716.mps.gz,13.2,,
neos-807639.mps.gz,1.0,,
neos-820879.mps.gz,5.6,,
neos-824661.mps.gz,12.4,,
neos-826224.mps.gz,11.2,,
neos-826650.mps.gz,2.2,,
neos-827015.mps.gz,21.2,,
neos-827175.mps.gz,10.3,58.8,5.7
neos-829552.mps.gz,11.4,,
neos-831188.mps.gz,1.7,,
neos-848198.mps.gz,2.2,,
neos-848589.mps.gz,100.1,437.6,4.4
neos-850681.mps.gz,2.8,,
neos-859770.mps.gz,45.9,,
neos-860300.mps.gz,21.9,74.8,3.4
neos-872648.mps.gz,48.5,,
neos-873061.mps.gz,48.8,216.8,4.4
neos-876808.mps.gz,55.5,,
neos-885086.mps.gz,15.6,,
neos-885524.mps.gz,28.3,,
neos-911970.mps.gz,0.7,24.3,34.7
neos-913984.mps.gz,17.9,,
neos-914441.mps.gz,6.5,,
neos-932721.mps.gz,10.6,,
neos-933562.mps.gz,2.8,,
neos-933638.mps.gz,20.6,,
neos-933966.mps.gz,15.4,73.1,4.7
neos-935234.mps.gz,5.6,,
neos-935769.mps.gz,4.2,,
neos-941313.mps.gz,48.4,,
neos-948346.mps.gz,35.8,,
neos-950242.mps.gz,10.5,55.9,5.3
neos-952987.mps.gz,10.3,,
neos-953928.mps.gz,13.2,,
neos-954925.mps.gz,55.0,,
neos-956971.mps.gz,33.9,,
neos-957143.mps.gz,33.0,,
neos-957323.mps.gz,34.4,123.6,3.6
neos-960392.mps.gz,15.0,76.5,5.1
neos-983171.mps.gz,4.2,,
neos16.mps.gz,0.7,,
neos17.mps.gz,2.0,29.7,14.8
neos18.mps.gz,3.7,,
neos2.mps.gz,1.0,,
neos22.mps.gz,2.0,,
neos4.mps.gz,11.2,,
neos5.mps.gz,0.5,25.5,51.0
neos6.mps.gz,16.6,,
neos8.mps.gz,24.1,95.1,3.9
neos859080.mps.gz,0.4,24.8,62.0
neos9.mps.gz,23.9,,
net12.mps.gz,9.6,48.3,5.0
netdiversion.mps.gz,81.7,254.8,3.1
newdano.mps.gz,1.1,,
nexp-150-20-1-5.mps.gz,2.1,,
nexp-150-20-8-5.mps.gz,5.4,38.3,7.1
nexp-50-20-1-1.mps.gz,0.4,,
nexp-50-20-4-2.mps.gz,0.7,,
nh97_potential.mps.gz,1.2,,
nh97_tension.mps.gz,1.1,,
nj1.mps.gz,35.2,,
nj2.mps.gz,41.2,,
nj3.mps.gz,46.1,,
no-ip-64999.mps.gz,2.1,,
no-ip-65059.mps.gz,1.8,,
noswot.mps.gz,0.4,,
npmv07.mps.gz,101.8,,
ns1111636.mps.gz,41.6,,
ns1116954.mps.gz,44.3,164.2,3.7
ns1208400.mps.gz,5.6,36.5,6.5
ns1430538.mps.gz,15.6,,
ns1456591.mps.gz,13.7,,
ns1631475.mps.gz,10.5,,
ns1644855.mps.gz,113.8,335.9,3.0
ns1679495.mps.gz,137.1,,
ns1690781.mps.gz,18.2,,
ns1760995.mps.gz,278.8,794.9,2.9
ns1828997.mps.gz,20.7,,
ns1830653.mps.gz,6.3,38.1,6.0
ns1849932.mps.gz,81.6,,
ns1856153.mps.gz,11.2,,
ns1904248.mps.gz,40.5,,
ns1905797.mps.gz,24.3,,
ns1952667.mps.gz,19.3,71.2,3.7
ns2034125.mps.gz,155.9,,
ns2071214.mps.gz,3.4,,
ns2122698.mps.gz,40.5,,
ns2124243.mps.gz,54.6,,
ns4-pr6.mps.gz,2.4,,
ns930473.mps.gz,11.9,,
nsa.mps.gz,0.8,,
nsr8k.mps.gz,34.8,,
nsrand-ipx.mps.gz,12.0,,
nu120-pr12.mps.gz,2.4,,
nu120-pr9.mps.gz,2.5,,
nu25-pr12.mps.gz,2.1,28.4,13.5
nu4-pr9.mps.gz,2.4,,
nucorsav.mps.gz,3.75,,
nursesched-medium-hint03.mps.gz,74.7,171.7,2.3
nursesched-medium04.mps.gz,64.5,,
nursesched-sprint-hidden09.mps.gz,23.6,,
nursesched-sprint-late03.mps.gz,24.8,,
nursesched-sprint02.mps.gz,22.4,67.5,3.0
nw04.mps.gz,42.9,122.0,2.8
ofi.mps.gz,294.5,,
ofi2.mps.gz,277.8,,
oocsp-racks030e6cci.mps.gz,38.5,,
oocsp-racks030f7cci.mps.gz,37.3,,
opm2-z10-s4.mps.gz,44.4,169.1,3.8
opm2-z12-s8.mps.gz,95.5,,
opm2-z6-s1.mps.gz,5.8,,
opm2-z7-s8.mps.gz,9.3,,
opm2-z8-s0.mps.gz,18.4,,
opt1217.mps.gz,0.6,,
osorio-cta.mps.gz,6.2,,
p0201.mps.gz,0.4,,
p200x1188c.mps.gz,1.0,24.7,24.7
p2m2p1m1p0n100.mps.gz,0.3,,
p500x2988.mps.gz,2.2,,
p500x2988c.mps.gz,2.1,,
p500x2988d.mps.gz,2.3,,
pb-fit2d.mps.gz,127.3,,
pb-gfrd-pnc.mps.gz,10.0,,
pb-grow22.mps.gz,13.2,,
pb-market-split8-70-4.mps.gz,0.5,,
peg-solitaire-a3.mps.gz,4.4,32.3,7.3
pg.mps.gz,1.2,24.5,20.4
pg5_34.mps.gz,1.2,24.2,20.2
physiciansched3-3.mps.gz,115.0,407.5,3.5
physiciansched3-4.mps.gz,99.4,,
physiciansched5-3.mps.gz,14.9,,
physiciansched6-1.mps.gz,63.8,,
physiciansched6-2.mps.gz,59.3,277.3,4.7
pigeon-08.mps.gz,0.6,,
pigeon-10.mps.gz,1.1,,
pigeon-13.mps.gz,1.5,,
pigeon-16.mps.gz,2.1,,
pigeon-20.mps.gz,2.9,,
piperout-03.mps.gz,6.9,,
piperout-08.mps.gz,7.7,42.3,5.5
piperout-27.mps.gz,9.2,45.6,5.0
piperout-d20.mps.gz,19.5,,
piperout-d27.mps.gz,23.0,,
pizza27i.mps.gz,139.7,,
pizza78i.mps.gz,176.5,,
pk1.mps.gz,0.8,22.2,27.7
polygonpack3-15.mps.gz,152.7,,
polygonpack4-10.mps.gz,66.8,,
polygonpack4-15.mps.gz,153.9,,
polygonpack4-7.mps.gz,35.4,,
polygonpack5-15.mps.gz,174.1,,
ponderthis0517-inf.mps.gz,1.1,,
probportfolio.mps.gz,1.1,,
prod1.mps.gz,0.7,,
prod2.mps.gz,1.2,,
proteindesign121hz512p19.mps.gz,1.13,,
proteindesign121hz512p9.mps.gz,52.6,192.1,3.7
proteindesign121pgb11p9.mps.gz,45.8,,
proteindesign122trx11p8.mps.gz,41.3,157.5,3.8
pw-myciel4.mps.gz,3.2,,
pythago7824.mps.gz,4.7,,
pythago7825.mps.gz,5.3,,
qap10.mps.gz,1.6,27.1,16.9
qiu.mps.gz,0.6,,
qnet1_o.mps.gz,0.7,,
qnet1.mps.gz,0.6,,
queens-30.mps.gz,6.2,,
r4l4-02-tree-bounds-50.mps.gz,4.7,,
r50x360.mps.gz,0.5,,
radiationm18-12-05.mps.gz,15.3,84.1,5.5
radiationm40-10-02.mps.gz,70.3,313.2,4.5
rail01.mps.gz,43.6,153.5,3.5
rail02.mps.gz,93.8,339.4,3.6
rail03.mps.gz,264.6,,
rail507.mps.gz,41.3,114.8,2.8
railway_8_1_0.mps.gz,1.5,,
ramos3.mps.gz,3.2,,
ran12x21.mps.gz,0.4,,
ran13x13.mps.gz,0.4,,
ran14x18-disj-8.mps.gz,1.1,25.7,23.4
rd-rplusc-21.mps.gz,68.0,183.3,2.7
reblock115.mps.gz,2.4,27.7,11.5
reblock166.mps.gz,5.5,,
reblock354.mps.gz,6.8,,
reblock420.mps.gz,19.5,,
rentacar.mps.gz,3.9,,
rfds-4-days.mps.gz,1.74,,
rlp1.mps.gz,0.9,,
rmatr100-p10.mps.gz,3.6,31.2,8.7
rmatr100-p5.mps.gz,3.9,,
rmatr200-p10.mps.gz,16.1,,
rmatr200-p20.mps.gz,13.5,,
rmatr200-p5.mps.gz,17.7,72.6,4.1
rmine11.mps.gz,34.1,,
rmine13.mps.gz,70.2,,
rmine15.mps.gz,135.1,,
rmine21.mps.gz,774.9,,
rmine25.mps.gz,1.91,,
rocI-3-11.mps.gz,4.2,,
rocI-4-11.mps.gz,5.0,37.2,7.4
rocII-10-11.mps.gz,61.1,,
rocII-5-11.mps.gz,31.8,98.7,3.1
rocII-8-11.mps.gz,50.0,,
rococoB10-011000.mps.gz,2.4,27.5,11.5
rococoC10-001000.mps.gz,1.8,25.6,14.2
rococoC11-010100.mps.gz,5.3,,
rococoC11-011100.mps.gz,3.3,,
rococoC12-010001.mps.gz,6.7,,
roi2alpha3n4.mps.gz,92.4,182.5,2.0
roi5alpha10n8.mps.gz,248.0,492.3,2.0
roll3000.mps.gz,2.9,27.0,9.3
rout.mps.gz,0.5,,
rpp22falsei.mps.gz,10.9,,
rvb-sub.mps.gz,60.1,,
rwth-timetable.mps.gz,1.85,,
s100.mps.gz,319.1,618.5,1.9
s1234.mps.gz,5.6,,
s250r10.mps.gz,226.7,462.5,2.0
s55.mps.gz,51.6,,
s82.mps.gz,1.46,,
satellites2-25.mps.gz,23.3,,
satellites2-40.mps.gz,22.2,86.4,3.9
satellites2-60-fs.mps.gz,11.8,60.9,5.2
satellites3-25.mps.gz,53.9,,
satellites4-25.mps.gz,63.8,,
savsched1.mps.gz,256.6,645.3,2.5
scpj4scip.mps.gz,96.5,,
scpk4.mps.gz,101.1,,
scpl4.mps.gz,201.6,,
scpm1.mps.gz,645.4,,
scpn2.mps.gz,1.37,,
sct1.mps.gz,12.8,,
sct2.mps.gz,3.0,28.1,9.4
sct31.mps.gz,6.2,,
sct32.mps.gz,9.3,,
sct5.mps.gz,16.7,,
seqsolve1.mps.gz,208.4,,
seqsolve2short4288.mps.gz,231.5,,
seqsolve3short4288excess384.mps.gz,217.3,,
set3-09.mps.gz,2.5,,
set3-10.mps.gz,2.0,,
set3-15.mps.gz,2.0,,
set3-16.mps.gz,2.1,,
set3-20.mps.gz,1.9,,
seymour.mps.gz,2.9,27.8,9.6
seymour1.mps.gz,2.9,27.4,9.4
shiftreg1-4.mps.gz,4.5,,
shiftreg2-7.mps.gz,5.0,,
shiftreg5-1.mps.gz,19.9,,
shipsched.mps.gz,21.2,,
shipschedule3shipsi.mps.gz,6.1,,
shipschedule6shipsmixi.mps.gz,10.6,,
shipschedule8shipsmixuci.mps.gz,13.9,,
shs1014.mps.gz,171.8,,
shs1023.mps.gz,174.0,,
shs1042.mps.gz,199.1,,
siena1.mps.gz,23.6,,
sing11.mps.gz,60.2,,
sing17.mps.gz,182.4,,
sing326.mps.gz,28.9,105.0,3.6
sing44.mps.gz,30.4,113.5,3.7
sing5.mps.gz,51.0,,
snip10x10-35r1budget17.mps.gz,87.9,,
snp-02-004-104.mps.gz,71.6,272.0,3.8
snp-04-052-052.mps.gz,70.8,,
snp-06-004-052.mps.gz,112.6,,
snp-10-004-052.mps.gz,213.9,,
snp-10-052-052.mps.gz,204.7,,
sorrell3.mps.gz,68.0,267.8,3.9
sorrell4.mps.gz,324.1,,
sorrell7.mps.gz,33.3,,
sorrell8.mps.gz,8.2,,
sp150x300d.mps.gz,0.5,23.2,46.4
sp97ar.mps.gz,23.7,68.0,2.9
sp97ic.mps.gz,25.9,,
sp98ar.mps.gz,33.2,86.3,2.6
sp98ic.mps.gz,26.8,,
sp98ir.mps.gz,5.2,,
splan1.mps.gz,930.8,,
splice1k1.mps.gz,103.5,282.3,2.7
splice1k1i.mps.gz,152.4,,
square23.mps.gz,66.0,,
square31.mps.gz,270.7,,
square37.mps.gz,660.1,,
square41.mps.gz,953.6,1921.5,2.0
square47.mps.gz,1.86,3841.5,2065.3
stein15inf.mps.gz,0.8,,
stein45inf.mps.gz,0.4,,
stein9inf.mps.gz,0.2,,
stoch-vrpvrp-s5v2c8vrp-v2c8i.mps.gz,3.3,,
stockholm.mps.gz,25.1,,
stp3d.mps.gz,78.3,,
supportcase1.mps.gz,22.5,,
supportcase10.mps.gz,57.0,200.5,3.5
supportcase11.mps.gz,13.84,,
supportcase12.mps.gz,300.0,943.4,3.1
supportcase14.mps.gz,1.0,,
supportcase16.mps.gz,0.4,,
supportcase17.mps.gz,1.1,,
supportcase18.mps.gz,2.7,33.2,12.3
supportcase19.mps.gz,556.6,1614.9,2.9
supportcase2.mps.gz,677.1,,
supportcase20.mps.gz,3.8,,
supportcase21i.mps.gz,7.0,,
supportcase22.mps.gz,200.7,512.1,2.6
supportcase23.mps.gz,16.7,,
supportcase25.mps.gz,3.3,,
supportcase26.mps.gz,0.6,23.8,39.7
supportcase27i.mps.gz,1.6,,
supportcase28i.mps.gz,6.9,,
supportcase29.mps.gz,9.2,,
supportcase3.mps.gz,5.5,,
supportcase30.mps.gz,1.5,,
supportcase31.mps.gz,375.5,,
supportcase33.mps.gz,29.3,85.6,2.9
supportcase34.mps.gz,61.4,,
supportcase35.mps.gz,4.9,,
supportcase37.mps.gz,36.5,,
supportcase38.mps.gz,5.57,,
supportcase39.mps.gz,38.6,,
supportcase4.mps.gz,4.1,,
supportcase40.mps.gz,14.3,61.5,4.3
supportcase41.mps.gz,20.7,,
supportcase42.mps.gz,46.0,113.5,2.5
supportcase43.mps.gz,144.3,,
supportcase6.mps.gz,62.7,184.5,2.9
supportcase7.mps.gz,169.1,448.5,2.7
swath.mps.gz,3.9,,
swath1.mps.gz,3.9,31.0,7.9
swath2.mps.gz,3.9,,
swath3.mps.gz,3.6,30.9,8.6
t11nonreg.mps.gz,6.48,,
t1717.mps.gz,28.9,,
t1722.mps.gz,16.6,,
ta1-UUM.mps.gz,1.4,,
ta2-UUE.mps.gz,4.4,,
tanglegram4.mps.gz,47.6,,
tanglegram6.mps.gz,8.2,,
tbfp-bigm.mps.gz,10.3,,
tbfp-network.mps.gz,21.4,90.4,4.2
Test3.mps.gz,61.9,,
thor50dday.mps.gz,49.6,152.4,3.1
timtab1.mps.gz,1.4,22.0,15.7
timtab1CUTS.mps.gz,0.5,,
tokyometro.mps.gz,4.6,,
toll-like.mps.gz,2.5,,
tpl-tub-ss16.mps.gz,1.19,,
tpl-tub-ws1617.mps.gz,1.70,,
tr12-30.mps.gz,1.1,21.8,19.8
traininstance2.mps.gz,6.2,40.8,6.6
traininstance6.mps.gz,4.6,36.5,7.9
transportmoment.mps.gz,4.8,,
trento1.mps.gz,8.4,40.0,4.8
triptim1.mps.gz,42.4,122.6,2.9
triptim2.mps.gz,43.3,,
triptim4.mps.gz,41.8,,
triptim7.mps.gz,42.6,,
triptim8.mps.gz,43.2,,
tw-myciel4.mps.gz,4.8,,
uc720-7-4-4-8.mps.gz,2.90,,
uccase10.mps.gz,122.3,,
uccase12.mps.gz,70.5,201.2,2.9
uccase7.mps.gz,43.4,,
uccase8.mps.gz,34.2,,
uccase9.mps.gz,43.3,124.6,2.9
uct-subprob.mps.gz,2.6,28.0,10.8
umts.mps.gz,2.9,,
unitcal_7.mps.gz,14.3,66.8,4.7
usAbbrv-8-25_70.mps.gz,1.6,,
usafa.mps.gz,1.74,,
v150d30-2hopcds.mps.gz,9.4,,
van.mps.gz,39.4,,
var-smallemery-m6j6.mps.gz,77.7,159.1,2.0
vpphard.mps.gz,48.7,,
vpphard2.mps.gz,144.0,,
wachplan.mps.gz,7.9,37.8,4.8
wnq-n100-mw99-14.mps.gz,285.1,,
woodlands09.mps.gz,319.9,,
xmas10-2.mps.gz,4.6,,
xmas10.mps.gz,4.3,,
z26.mps.gz,480.5,,
zeil.mps.gz,128.4,,
